name false,price false
name false,price false
name false,price false
name false,price false
name false,price false
name false,price false
name false,price false
name false,price false
"Bitcoin
(BTC)",price false
"Ethereum
(ETH)",price false
"XRP
(XRP)",price false
"Litecoin
(LTC)",price false
"EOS
(EOS)",price false
"Bitcoin Cash
(BCH)",price false
"Binance Coin
(BNB)",price false
"Stellar
(XLM)",price false
"Tether
(USDT)",price false
"TRON
(TRX)",price false
"Cardano
(ADA)",price false
"Bitcoin SV
(BSV)",price false
"Monero
(XMR)",price false
"IOTA
(MIOTA)",price false
"Bitcoin
(BTC)",price false
"Ethereum
(ETH)",price false
"XRP
(XRP)",price false
"Litecoin
(LTC)",price false
